맘카,카메라,LGU+,고정형,wifi,상시수집/조건수집,녹화/녹음/음성제어,영상/움직임감지/음성/연락처,행태정보,1,스마트장비,1,54.5
동작감지센서,센서,LGU+,고정형,z-wave,상시수집,출입감지/온도감지,움직임감지/온도,행태정보/생체정보,1,센서,0,39.33333333
에어센서,센서,LGU+,이동형,wifi,상시수집,공기질감지,미세먼지및초미세먼지농도,iX,0,센서,1,49.33333333
수면센서,센서,LGU+,고정형,wifi,조건수집,생체정보감지/장치제어,맥박수/호흡수/움직임감지,행태정보,1,센서,0,34.33333333
수면등,센서,LGU+,고정형,wifi,X,생체정보감지/장치제어,조도제어/알람,iX,0,센서,1,31.83333333
플러그,센서,LGU+,고정형,wifi,상시수집,전력량감지/음성제어/모니터링,전력량/스위치/알람,사용패턴,1,센서,0,41.83333333
멀티탭,센서,LGU+,고정형,wifi,상시수집,전력량감지/음성제어/모니터링,전력량/스위치/알람,사용패턴,1,센서,0,41.83333333
스위치,스위치,LGU+,고정형,z-wave,상시수집,온도감지/습도감지/음성제어,음성/온도/습도,iX,0,센서,0,24.33333333
가스잠그미,스위치,LGU+,고정형,z-wave,상시수집,온도감지/장치제어,온도/밸브잠금,iX,0,센서,1,29.33333333
도어센서,센서,LGU+,고정형,z-wave,상시수집,출입감지,움직임감지,행태정보,0,센서,0,29.33333333
전기료미터,전력량계,LGU+,고정형,wifi,상시수집,전력량감지/모니터링,전력량,사용패턴,1,센서,0,41.83333333
에어컨,에어컨,LG,고정형,wifi,상시수집,장치제어,온도,iX,1,액츄에이터,1,45.16666667
로봇청소기,청소기,LG,이동형,wifi,상시수집,음성제어,위치정보/영상/움직임감지,iX,1,스마트장비,1,62.0
My Hero,호신용품,SK,이동형,bluetooth,조건수집,위치감지,위치정보,iX,0,센서,0,39.33333333
문열림센서,센서,SK,고정형,wifi,상시수집,출입감지,문열림감지,행태정보,1,센서,0,36.83333333
I'm Here,위치알림이,SK,이동형,bluetooth,조건수집,위치감지,위치정보,iX,1,센서,0,39.33333333
공기청정기,공기청정기/공기측정기,SK,고정형,wifi,상시수집,공기질감지/모니터링,미세먼지및초미세먼지농도/온도/습도,iX,0,스마트장비,1,49.5
스마트 트래커,위치알림이,SK,이동형,bluetooth,조건수집,위치감지,위치정보,iX,1,센서,0,39.33333333
LISA Home,공기측정기,LISAHome,고정형,wifi,상시수집,공기질감지/모니터링,온도/습도/이산화탄소농도/휘발성유기화합물농도/미세먼지및초미세먼지농도,iX,0,센서,1,36.83333333
공기모니터,공기측정기,어웨어,고정형,wifi/bluetooth,상시수집,공기질감지/모니터링,온도/습도/이산화탄소농도/휘발성유기화합물농도/미세먼지및초미세먼지농도,iX,0,센서,1,36.83333333
스마트 에너지미터,전력량계,SK,고정형,wifi,상시수집,전력량감지/모니터링,전력량,사용패턴,1,센서,1,46.83333333
스마트 스위치,스위치,반디통신,고정형,z-wave,상시수집,음성제어,스위치,iX,0,액츄에이터,0,32.66666667
스마트 도어센서,센서,헤이홈,고정형,zigbee,상시수집,출입감지,움직임감지,행태정보,0,센서,0,31.83333333
홈카메라,카메라,헤이홈,고정형,wifi,상시수집,녹화/녹음/음성제어,영상/움직임감지/음성,행태정보,1,스마트장비,1,54.5
스마트 온습도 센서,온습도계,헤이홈,고정형,zigbee,상시수집,공기질감지/모니터링,온도/습도,iX,0,센서,0,26.83333333
2019 The Frame 108 츠,TV,삼성,고정형,wifi/bluetooth,조건수집,음성제어,개인클라우드접근,iX,1,액츄에이터,1,42.66666667
사운드 플러스 사운드바 5채널 HW-MS751?,사운드바,삼성,고정형,wifi/bluetooth,X,장치제어,X,iX,0,액츄에이터,0,35.16666667
무풍에어컨 벽걸이 와이드,에어컨,삼성,고정형,wifi,조건수집,장치제어/온도감지/습도감지,움직임감지/온도/습도,iX,0,X,1,34.0
무풍큐브 47 ㎡ 세이지 블루,공기청정기/공기측정기,삼성,고정형,wifi,조건수집,장치제어/공기질감지/모니터링,공기질/잠금,iX,0,센서,1,34.33333333
그랑데 세탁기 AI 21 kg 블랙 케비어,세탁기,삼성,고정형,wifi,X,장치제어/오염도감지,진행단계/물높이/오염도/코스/남은시간/동작예약시간/동작여부,iX,0,센서,1,31.83333333
그랑데 건조기 14 kg DV14R8520KP 이녹스 실버,건조기,삼성,고정형,wifi,X,장치제어,진행단계/물높이/오염도/코스/남은시간/동작예약시간/동작여부,iX,0,센서,1,31.83333333
에어드레서 DF60R8300DG 다크 블랙,에어드레서,삼성,고정형,wifi,X,장치제어/오염도감지/습도감지,습도감지/진행단계/코스/남은시간,iX,0,센서,1,31.83333333
POWERbot VR20K9350WK 에보니 옵시디언,로봇청소기,삼성,이동형,wifi,조건수집,장치제어/녹화/실내지도,위치정보정보/이미지,행태정보,1,스마트장비,1,64.5
BESPOKE 1도어 (김치) 319 L?,김치냉장고,삼성,고정형,wifi,X,장치제어,온도/습도/문열림감지,iX,0,센서,0,26.83333333
셰프컬렉션 식기세척기 빌트인,식기세척기,삼성,고정형,wifi,X,습도감지,진행단계/코스/남은시간/동작예약시간/동작여부,iX,0,센서,1,31.83333333
삼성 커넥트태그,위치알림이,삼성,이동형,wifi/bluetooth,상시수집,위치감지/출입감지,위치정보,행태정보,1,센서,0,49.33333333
Galaxy Home Mini?,스피커,삼성,고정형,wifi/bluetooth,상시수집,음성제어/음성제어,음성/취향정보/문화정보/위치정보정보/동작여부,행태정보,1,스마트장비,0,49.5
삼성 IoT LED 조명,전구,삼성,고정형,wifi,X,장치제어,색온도/밝기/알람/스케줄/동작여부,iX,0,센서,0,26.83333333
Push Pull Series 9,도어락,삼성,고정형,bluetooth,조건수집,생체정보감지/장치제어,생체정보/출입감지,행태정보,1,스마트장비,1,59.5
iclebo 기가지니 에디션 로봇청소기,로봇청소기,iclebo,이동형,wifi,조건수집,음성제어/,위치정보/동작예약시간/알람/스케줄/동작여부,iX,0,스마트장비,1,59.5
친환경 가스온도조절기 인증 스마트 IoT 콘덴싱온도조절기RCM500-27KF,온도조절기,rinnai,고정형,wifi,상시수집,장치제어/출입감지,온도감지/모드/설정온도/상태/동작예약시간/알람/위치정보,iX,1,스마트장비,1,49.5
AI 스마트 멀티탭 16A,멀티탭,aipowermanager,고정형,wifi,상시수집,장치제어/전력량감지/음성제어,전력량/스위치/알람,사용패턴,1,센서,0,41.83333333
iot 원격 모니터링 분전반 전력 측정기 에너지미터,전력량계,aipowermanager,고정형,wifi,상시수집,장치제어/전력량감지/음성제어,전력량/스위치/알람,사용패턴,1,센서,0,41.83333333
코웨이 액티브액션 공기청정기 IoCare,공기청정기/공기측정기,코웨이,고정형,wifi,상시수집,장치제어/음성제어/공기질감지/모니터링,움직임감지/공기질/미세먼지농도/극초미세먼지농도/,생체정보,1,스마트장비,0,59.5
IoT 실내 온도조절기,온도조절기,귀뚜라미,고정형,wifi,상시수집,장치제어/음성제어,현재온도/설정온도/모드/동작예약시간/전원,iX,0,스마트장비,1,49.5
QCON 스마트홈 IoT 에너지미터,전력량계,큐콘,고정형,wifi,상시수집,장치제어/모니터링,전력량,사용패턴,1,센서,1,46.83333333
큐콘 IoT 에어 플러스,공기청정기/공기측정기,큐콘,고정형,wifi,상시수집,장치제어/모니터링,온도감지/습도감지/전력량/동작여부/초미세먼지농도/램프색,iX,0,센서,0,31.83333333
큐콘플러그,플러그,큐콘,고정형,wifi,상시수집,전력량감지/모니터링/장치제어,스케줄/동작여부/램프색/전력량/,사용패턴,1,센서,0,41.83333333
큐콘 IoT 플러그 에어,플러그,큐콘,고정형,wifi,상시수집,전력량감지/모니터링/장치제어/공기질감지,스케줄/동작여부/램프색/전력량/초미세먼지농도/휘발성유기화학물질측정,사용패턴,1,센서,0,41.83333333
루나스퀘어 스마트 가습기2,가습기,루나스퀘어,고정형,wifi,상시수집,장치제어/음성제어,단계/모드/온도/습도,iX,0,센서,1,36.83333333
스마트 IOT 허브형 콘센트,플러그,원브릿지,고정형,wifi,상시수집,전력량감지/모니터링/장치제어,전력량/스케줄/타이머/동작여부,사용패턴,1,센서,0,41.83333333
스마트 IOT 열림감지센서,센서,원브릿지,고정형,wifi/bluetooth,상시수집,장치제어/음성제어/출입감지,문열림감지/알람,행태정보,1,센서,0,36.83333333
움직임감지센서,센서,원브릿지,고정형,wifi,상시수집,위치감지,움직임감지,iX,0,센서,0,31.83333333
헬로우 스마트워치,워치,HAYLOU,이동형,bluetooth,상시수집,생체정보감지/위치감지/모니터링,심박수/움직임감지/수면시간,행태정보,1,스마트장비,1,64.5
POWER G1,워치,COA,이동형,bluetooth,상시수집,생체정보감지/위치감지/모니터링,심박수/걸음수/수면시간,행태정보,1,스마트장비,1,64.5
포러너45/45S,워치,GARMIN,이동형,bluetooth,상시수집,생체정보감지/위치감지/모니터링,심박수/걸음수/위치정보,행태정보,1,스마트장비,1,64.5
Inspire HR,워치,Fitbit,이동형,bluetooth,상시수집,생체정보감지/위치감지/모니터링,심박수/걸음수/수면시간/위치정보,행태정보,1,스마트장비,1,64.5
스마트워치 GTR,워치,AMAZFIT,이동형,bluetooth,상시수집,생체정보감지/위치감지/모니터링,심박수/걸음수/위치정보/기압,행태정보,1,스마트장비,1,64.5
캐시워치 i6 HR,워치,IWOWN,이동형,bluetooth,상시수집,생체정보감지/위치감지/모니터링,심박수/걸음수/수면시간/위치정보,행태정보,1,스마트장비,1,64.5
URBAN S Plus,워치,파트론,이동형,bluetooth,상시수집,생체정보감지/위치감지/모니터링,심박수/걸음수/위치정보/기압,행태정보,1,스마트장비,1,64.5
인바디 밴드2,워치,인바디,이동형,bluetooth,상시수집,생체정보감지/위치감지/모니터링,심박수/걸음수/수면시간/체중/근육량/체지방량/BMI/체지방율등/위치정보,행태정보,1,스마트장비,1,64.5
갤럭시핏,밴드,삼성,이동형,bluetooth,상시수집,생체정보감지/위치감지/모니터링,심박수/걸음수/위치정보/기압,행태정보,1,스마트장비,1,64.5
갤럭시 워치 액티브2,워치,삼성,이동형,wifi/ bluetooth,상시수집,생체정보감지/위치감지/모니터링,위치정보/심박수/움직임감지,행태정보,1,스마트장비,1,67.0
Mi 체지방 체중계,체중계,샤오미,이동형,bluetooth,조건수집,생체정보감지/모니터링,근육량/골부피/체중/BMI/내장지방/체지방/스트레스지수,생체정보,1,스마트장비,1,44.5
애플 워치,워치,애플,이동형,wifi/bluetooth/lte,상시수집,생체정보감지/위치감지/모니터링,위치정보/기압/내장지방/체중/bmi/바디점수/체지방량/골부피/근육량,iX,1,스마트장비,1,62.0
미 밴드4,워치,샤오미,이동형,bluetooth,상시수집,생체정보감지/위치감지/모니터링,심박/가속도(자이로센서)/음성/결제데이터(스마트월렛),행태정보,1,스마트장비,1,64.5
순토9,워치,순토,이동형,bluetooth,상시수집,생체정보감지/위치감지/모니터링,위치정보/기압고도/심박/온도/가속도(자이로센서),행태정보,1,스마트장비,1,64.5
스마트밴드,워치,브리츠,이동형,bluetooth,상시수집,생체정보감지/위치감지/모니터링,심박수/혈중산소농도/가속도(자이로센서),행태정보,1,스마트장비,1,64.5
Gen 5 스마트워치,워치,파슬,이동형,bluetooth,상시수집,생체정보감지/위치감지/모니터링/결제,심박수/결제데이터(구글페이)/음성/위치정보/가속도(자이로센서)/기압고도,금융정보,1,스마트장비,1,74.5
런웨이 블랙톤 스마트워치,워치,마이클코어스,이동형,wifi/ bluetooth,상시수집,생체정보감지/위치감지/모니터링/결제,심박수/음성/가속도/위치정보/결제데이터(구글페이),금융정보,1,스마트장비,1,77.0
소니 스마트워치3,워치,소니,이동형,wifi/ bluetooth,상시수집,생체정보감지/위치감지/모니터링/결제,심박수/음성/가속도/위치정보/결제데이터(구글페이),금융정보,1,스마트장비,1,77.0
위딩스 스캔워치,워치,위딩스,이동형,bluetooth,상시수집,생체정보감지/위치감지/모니터링,심박수/심전도/산소포화도/가속도/위치정보,행태정보,1,스마트장비,1,64.5
보이런던 Q82,워치,보이런던,이동형,bluetooth,상시수집,생체정보감지/위치감지/모니터링,위치정보/심박수/걸음수,행태정보,1,스마트장비,1,64.5
Jackom 스마트 링,반지,Jackom,이동형,nan,조건수집,장치제어,X,iX,0,스마트장비,0,44.5
HUAWEI WATCH GT 2,워치,화웨이,이동형,bluetooth,상시수집,생체정보감지/위치감지/모니터링,위치정보/심박수/기압/걸음수/알람,행태정보,1,스마트장비,1,64.5
HUAWEI Band 4,워치,화웨이,이동형,bluetooth,상시수집,생체정보감지/위치감지/모니터링,심박수/위치정보/걸음수/알람,행태정보,1,스마트장비,1,64.5
하이브리드 스마트 워치 W7,워치,LG,이동형,wifi/ bluetooth,상시수집,생체정보감지/위치감지/모니터링,기압/위치정보/걸음수/알람,행태정보,1,스마트장비,1,67.0
"Dexcom G5 Mobile Continuous Glucose Monitoring System",혈당측정기,덱스콤,이동형,bluetooth,상시수집,생체정보감지/모니터링/위치감지,클루코오스(혈당측정),행태정보,1,센서,0,46.83333333
프리스타일 리브레 센서,혈당측정기,아델라,이동형,nan,상시수집,생체정보감지/모니터링/위치감지,클루코오스(혈당측정),행태정보,1,센서,0,39.33333333
스마트 월패드,도어락,삼성,고정형,wifi,조건수집,출입감지/모니터링/장치제어,문열림감지/온도/날씨/스케줄/조도,행태정보/사용패턴,1,스마트장비,1,57.0
WAVE,스피커,네이버클로바,고정형,wifi/bluetooth,상시수집,음성제어/음성제어/메신저/추천,음성,취향정보,1,스마트장비,0,44.5
카카오 미니C,스피커,카카오,고정형,bluetooth,상시수집,음성제어/음성제어/메신저/추천,음성,취향정보,1,스마트장비,0,42.0
안정기내장형램프(LED용),전구,HONERTONELTD,고정형,wifi,X,장치제어/음성제어,조도/색온도/동작여부,iX,0,액츄에이터,0,35.16666667
안정기내장형램프(LED용),전구,HONERTONELTD,고정형,bluetooth/ zigbee,X,장치제어/음성제어,조도/색온도/동작여부,iX,0,액츄에이터,0,32.66666667
COL Hue Lightstrip Plus 2m APR,전구,TenPaoElectronics,고정형,wifi,X,장치제어/음성제어,조도/색온도/동작여부,iX,0,액츄에이터,0,35.16666667
Hue White ambiance,전구,SignifyInvestmentCo./Ltd.,고정형,wifi,X,장치제어/음성제어,조도/색온도/동작여부,iX,0,액츄에이터,0,35.16666667
LED등기구(매입형),전구,DongguanZoYoElectronicsTechnologyCo./Ltd.,고정형,wifi,X,장치제어/음성제어,조도/색온도/동작여부,iX,0,액츄에이터,0,35.16666667
WiFi 스마트 전등 스위치(2구),스위치,이젝스,고정형,wifi,X,장치제어/음성제어,스위치/버튼활성화여부,iX,0,액츄에이터,0,35.16666667
경동나비엔 온도조절기 WIFI 온도 조절기,온도조절기,경동나비엔,고정형,wifi,상시수집,장치제어/음성제어,온도감지/모드/설정온도/상태/동작예약시간/알람,iX,0,센서,1,36.83333333
AWAIR Omni,온습도계/조도측정기/공기측정기,비트파인더코리아,고정형,wifi/bluetooth,상시수집,공기질감지/모니터링,온도/습도/이산화탄소농도/화학물질농도/초미세먼지농도/총점,iX,0,센서,1,36.83333333
AWAIR Mint,온습도계/공기측정기,비트파인더코리아,고정형,wifi/bluetooth,상시수집,공기질감지/모니터링,온도/습도/이산화탄소농도/화학물질농도/초미세먼지농도/총점,iX,0,센서,1,36.83333333
AI 조명 스위치,스위치,다원디엔에스,고정형,zigbee/z-wave,X,장치제어,스위치,iX,0,센서/액츄에이터,0,30.16666667
AI 스마트 멀티탭 16A,멀티탭,다원디엔에스,고정형,wifi,상시수집,장치제어,전력량/알람/스위치,사용패턴,1,센서/액츄에이터,0,50.16666667
블루투스 스마트 매립형 콘센트,콘센트,다원디엔에스,고정형,bluetooth,상시수집,장치제어,전력량/알람/스위치,iX,0,센서/액츄에이터,0,37.66666667
IoT 스마트 태양광 발전량 측정기,전력량계,다원디엔에스,고정형,wifi,상시수집,모니터링,발전량/누적발전량/알람,iX,0,센서,0,31.83333333
브런트 Wi-Fi 에어젯 S,공기청정기/공기측정기,브런트,고정형,wifi,상시수집,장치제어/모니터링/음성제어,모드/동작여부/미세먼지농도/온도/습도/알람,iX,0,센서/액츄에이터,0,40.16666667
브런트 블라인드 엔진2,블라인드,브런트,고정형,wifi,조건수집,장치제어/음성제어,문열림인지,iX,0,센서/액츄에이터,0,37.66666667
브런트 플러그,콘센트,브런트,고정형,wifi,상시수집,장치제어/음성제어/모니터링/위치감지,전력량/동작여부/스위치,사용패턴,1,센서/액츄에이터,0,50.16666667
소요리 스마트 전구,전구,merlotlighting,고정형,wifi,X,장치제어/음성제어,조도/색온도/동작여부,iX,0,액츄에이터,0,35.16666667
소요리 IoT 허브 전구,전구,merlotlighting,고정형,wifi,X,장치제어/음성제어,조도/색온도/동작여부,iX,0,액츄에이터,0,35.16666667
소요리 올인원 IoT 거실등,전구,merlotlighting,고정형,wifi,X,장치제어/음성제어,조도/색온도/동작여부,iX,0,액츄에이터,0,35.16666667
소요리 올인원 IoT 방등,전구,merlotlighting,고정형,wifi,X,장치제어/음성제어,조도/색온도/동작여부,iX,0,액츄에이터,0,35.16666667
아이오 스위처 ,스위치,아이오,고정형,bluetooth,X,장치제어/음성제어,스위치,iX,0,액츄에이터,0,32.66666667
스마트 홈카메라,카메라,고퀄,고정형,wifi,상시수집,녹화/녹음/음성제어,영상/움직임감지/음성,행태정보,1,스마트장비,1,54.5
스마트 라인 LED,전구,고퀄,고정형,wifi,상시수집,장치제어/음성제어,조도/색온도/동작여부,iX,0,액츄에이터,0,40.16666667
Xfit GTS,워치,Xfit,이동형,bluetooth,상시수집,위치감지/생체정보감지,심박수/걸음수/혈중산소농도/수면시간/위치정보,행태정보,1,스마트장비,1,39.5
아이온 스마트밴드,워치,ION,이동형,bluetooth,상시수집,위치감지/생체정보감지,심박수/걸음수/혈중산소농도/수면시간/위치정보,행태정보,1,스마트장비,1,39.5
아비람 스마트워치,워치,아비람,이동형,bluetooth,상시수집,위치감지/생체정보감지,심박수/걸음수/수면시간/위치정보,행태정보,1,스마트장비,1,39.5
BY51 스마트워치,워치,Seetons,이동형,bluetooth,상시수집,위치감지/생체정보감지,심박수/걸음수/수면시간/위치정보,행태정보,1,스마트장비,1,39.5
스마트밴드 HR2.5,워치,세븐일렉,이동형,bluetooth,상시수집,위치감지/생체정보감지,심박수/걸음수/수면시간/위치정보,행태정보,1,스마트장비,1,39.5
듀얼 주파수 스마트 체중계,체중계,세븐일렉,고정형,bluetooth,조건수집,위치감지/생체정보감지,체중/체수분/체지방/근육량,행태정보,1,스마트장비,1,49.5
모멘트 엘리트 스마트워치,워치,런타스틱,이동형,bluetooth,상시수집,위치감지/생체정보감지,걸음수/수면시간/위치정보,행태정보,1,스마트장비,1,39.5
스트로만 스마트워치,워치,스트로만,이동형,bluetooth,상시수집,생체정보감지/위치감지,심박수/걸음수/혈중산소농도/수면시간/위치정보,행태정보,1,스마트장비,1,39.5
HERA Fit+,워치,헬스원,이동형,bluetooth,상시수집,생체정보감지/위치감지,심박수/걸음수/수면시간/위치정보,행태정보,1,스마트장비,1,39.5
하트가드 심박밴드,워치,디지쿼터스,이동형,bluetooth,상시수집,생체정보감지/위치감지,심박수/위치정보/연락처,행태정보,1,스마트장비,1,39.5
Uwatch2,워치,우미디지,이동형,bluetooth,상시수집,생체정보감지/위치감지,심박수/걸음수/수면시간/위치정보,행태정보,1,스마트장비,1,39.5
LEMFO H8 Smartwatch,워치,LEMFO,이동형,bluetooth,상시수집,생체정보감지/위치감지,심박수/걸음수/수면시간/위치정보,행태정보,1,스마트장비,1,39.5
4YOU DZ09 스마트워치,워치,4YOU,이동형,bluetooth,상시수집,생체정보감지/위치감지,걸음수/수면시간,행태정보,1,스마트장비,1,39.5
Letike gt101 스마트 팔찌,밴드,Letike,이동형,bluetooth,상시수집,생체정보감지/위치감지,심박수/걸음수/수면시간/위치정보,행태정보,1,스마트장비,1,39.5
지엠 블루투스 스마트워치,워치,TOLASI,이동형,bluetooth,상시수집,생체정보감지/위치감지,심박수/혈압/걸음수/수면시간/위치정보,행태정보,1,스마트장비,1,39.5
카카오프렌즈키즈워치2,워치,카카오,이동형,bluetooth,상시수집,생체정보감지/위치감지,위치정보/연락처,행태정보,1,스마트장비,1,39.5
Greentiger F8 블루투스 스마트 시계,워치,Greentiger,이동형,bluetooth,상시수집,생체정보감지/위치감지,심박수/혈압/걸음수/수면시간/위치정보,행태정보,1,스마트장비,1,39.5
하이브리드 워치 지타임,워치,MYKRONOZ,이동형,bluetooth,상시수집,생체정보감지/위치감지,심박수/걸음수/수면시간/위치정보,행태정보,1,스마트장비,1,39.5
Lerbyee 스마트 밴드,밴드,Lerbyee,이동형,bluetooth,상시수집,생체정보감지/위치감지,심박수/혈압/걸음수/수면시간/위치정보,행태정보,1,스마트장비,1,39.5
트랙 브라보 위치 추적 아이템 트랙커,위치알림이,TrackR,고정형,bluetooth,상시수집,생체정보감지/위치감지,심박수/혈압/걸음수/수면시간/위치정보,행태정보,1,센서,1,39.33333333
VERY FiTEK,워치,VERYFiTEK,이동형,bluetooth,상시수집,생체정보감지/위치감지,심박수/혈압/걸음수/수면시간/위치정보,행태정보,1,스마트장비,1,39.5
LOKMAT 스마트 워치,워치,LOKMAT,이동형,bluetooth,상시수집,생체정보감지/위치감지,심박수/혈압/걸음수/수면시간/위치정보,행태정보,1,스마트장비,1,39.5
Y6 Pro 피트니스 트래커 스마트 시계,워치,Y6,이동형,bluetooth,상시수집,생체정보감지/위치감지,심박수/혈압/걸음수/수면시간/위치정보,행태정보,1,스마트장비,1,39.5
Lige 2019 스마트워치,워치,Lige,이동형,bluetooth,상시수집,생체정보감지/위치감지,심박수/혈압/걸음수/수면시간/위치정보,행태정보,1,스마트장비,1,39.5
SENBONO pull touch 스마트 시계,워치,SENBONO,이동형,bluetooth,상시수집,생체정보감지/위치감지,심박수/걸음수/혈압/위치정보,행태정보,1,스마트장비,1,39.5
Colmi 스마트 시계,워치,Colmi,이동형,bluetooth,상시수집,생체정보감지/위치감지,심박수/혈압/혈중산소농도/걸음수/수면시간/위치정보,행태정보,1,스마트장비,1,39.5
우리아이 지킴이,위치알림이,KEYCO,이동형,bluetooth,상시수집,생체정보감지/위치감지,심박수/혈압/혈중산소농도/걸음수/수면시간/위치정보,행태정보,1,센서,1,26.83333333
AIRWATCH,워치,젤센,이동형,bluetooth,상시수집,생체정보감지/위치감지,심박수/혈압/혈중산소농도/걸음수/수면시간/위치정보,행태정보,1,스마트장비,1,39.5
Arvin Smart Watch,워치,Arvin,이동형,bluetooth,상시수집,생체정보감지/위치감지,심박수/혈압/혈중산소농도/걸음수/수면시간/위치정보,행태정보,1,스마트장비,1,39.5
LYKRY 여성 스마트 시계,워치,LYKRY,이동형,bluetooth,상시수집,생체정보감지/위치감지,심박수/혈압/혈중산소농도/걸음수/수면시간/위치정보,행태정보,1,스마트장비,1,39.5
다이슨 퓨어쿨 크립토믹,공기청정기,다이슨,고정형,wifi,상시수집,공기질감지/모니터링/음성제어,미세먼지및초미세먼지농도,iX,0,센서/액츄에이터,1,45.16666667
코드리스 무선 공기청정기,공기청정기,쿠쿠,고정형,wifi,상시수집,공기질감지/모니터링/음성제어,미세먼지및초미세먼지농도,iX,0,센서/액츄에이터,1,45.16666667
NCTR-60WIFI,온도조절기,귀뚜라미,고정형,wifi,조건수집,장치제어,온도감지/모드/설정온도/상태/알람/동작예약시간,iX,0,액츄에이터,1,42.66666667
미로 맑음 공기청정기,공기청정기,미로,고정형,wifi,상시수집,공기질감지/모니터링/음성제어,실내공기오염정보/온도/습도/조도/유해가스,iX,1,액츄에이터,1,45.16666667
윈마이 프리미엄2,체중계,윈마이,고정형,wifi/ bluetooth,조건수집,생체정보감지/모니터링,단백질/Bmi/골격량/기초대사량/체중/수분량/신체나이/근육량/체지방/내장지방/지방무게/지방외체중/체형/신체점수/비만등급/권장체중/체지방지수,iX,1,스마트장비,1,47.0
샤오미 도어 감지 센서,센서,샤오미,고정형,wifi,상시수집,출입감지,문열림감지,iX,0,센서,0,31.83333333
샤오미 동작 감지 센서,센서,샤오미,고정형,wifi,상시수집,출입감지,움직임감지,행태정보,1,센서,0,36.83333333
샤오미 스마트 플러그,플러그,샤오미,이동형,wifi,상시수집,음성제어/장치제어,전력사용량,사용패턴,1,스마트장비,0,54.0
샤오미 화재경보기,센서,샤오미,고정형,wifi,상시수집,공기질감지/모니터링,연기농도/산소농도,iX,0,센서,0,31.83333333
Mi 공기청정기 3H,공기청정기,샤오미,고정형,wifi,조건수집,공기질감지/모니터링,램프등/모드/미세먼지농도,iX,0,액츄에이터,1,42.66666667
NR08G IoT,가습기,미로,고정형,wifi/ bluetooth,조건수집,습도감지/모니터링/장치제어/음성제어,습도/램프등/색온도,iX,0,센서/액츄에이터,0,37.66666667
노비타 IOT 방수비데,비데,노비타,고정형,wifi,X,장치제어,알람/동작여부,iX,0,액츄에이터,0,35.16666667
윈코 WW-A1 스마트 AI 가습기,가습기,윈코,고정형,wifi,상시수집,장치제어/음성제어,습도/램프등/타이머/모드/분무량,iX,0,센서/액츄에이터,0,40.16666667
라돈아이플러스2 측정기,라돈측정기,애프티랩,고정형,wifi/ bluetooth,상시수집,모니터링,라돈/기온,iX,0,센서,1,36.83333333
스마트 2K 홈카메라 웹캠 CCTV 플랫폼 Pro,카메라,샤오미,고정형,wifi/ bluetooth,상시수집,녹화/녹음/음성제어,움직임감지/음성/영상/조도/모드,행태정보,1,스마트장비,0,49.5
치후360 베이비홈캠 D706 홈,카메라,샤오미,고정형,wifi,상시수집,녹화/녹음/음성제어,움직임감지/음성/영상/조도/모드,행태정보,1,스마트장비,0,49.5
그린솔루션 펭카,카메라,펭카,고정형,wifi,상시수집,녹화/녹음/음성제어,움직임감지/음성/영상/조도/모드,행태정보,1,스마트장비,0,49.5
주연테크 300만화소 스마트폰 지능형 가정용 홈CCTV 감시카메라 IP 유선 무선 와이파이 홈캠,카메라,주연테크,고정형,wifi,상시수집,녹화/음성제어,움직임감지/영상/조도/모드,행태정보,1,스마트장비,0,49.5
큐씨피 움직임추적 200만 무선 CCTV IP 카메라 가정용 홈 캠 강아지 반려동물 펫,카메라,QCP,고정형,wifi,상시수집,녹화/녹음/음성제어,움직임감지/음성/영상/조도/모드,행태정보,1,스마트장비,0,49.5
이글루캠 라이트,카메라,트루엔,고정형,wifi,상시수집,녹화/녹음/음성제어,움직임감지/음성/영상/조도/모드,행태정보,1,스마트장비,0,49.5
로보뷰2,카메라,로보뷰,고정형,wifi,상시수집,녹화/녹음/음성제어,움직임감지/이미지/음성,행태정보,1,스마트장비,0,49.5
앱봇 라일리,카메라,바램시스템,이동형,wifi,상시수집,녹화/녹음/음성제어,움직임감지/음성/영상/조도/모드,행태정보,1,스마트장비,0,62.0
홈네트워크 카메라 C6C,카메라,EZVIZ,고정형,wifi,상시수집,녹화/녹음/음성제어,움직임감지/음성/영상/조도/모드,행태정보,1,스마트장비,0,49.5
홈네트워크 카메라 C6T,카메라,EZVIZ,고정형,wifi,상시수집,녹화/녹음/음성제어,움직임감지/음성/영상/조도/모드,행태정보,1,스마트장비,0,49.5
와이즈넷 홈카메라,카메라,한화테크윈,고정형,wifi,상시수집,녹화/녹음/음성제어,움직임감지/음성/영상/조도/모드,행태정보,1,스마트장비,0,49.5
미키마우스  CCTV,카메라,한화테크윈,고정형,wifi,상시수집,녹화/녹음/음성제어,움직임감지/음성/영상/조도/모드,행태정보,1,스마트장비,0,49.5
Pan&Tilt Wi-Fi 홈카메라,카메라,한화테크윈,고정형,wifi,상시수집,녹화/녹음/음성제어,움직임감지/음성/영상/조도/모드,행태정보,1,스마트장비,0,49.5
imou 홈CCTV,카메라,다화,고정형,wifi,상시수집,녹화/녹음/음성제어,움직임감지/음성/영상/조도/모드,행태정보,1,스마트장비,0,49.5
IOT 돌봄이 로봇 펫시터 페디,로봇펫시터,PEDDY,이동형,wifi/ bluetooth,조건수집,녹화/녹음/음성제어,움직임감지/이미지/음성/기온/습도,행태정보,1,스마트장비,0,59.5
펫스테이션 자동급식기,자동급식기,펫스테이션,고정형,wifi,상시수집,녹화/녹음/음성제어,움직임감지/이미지/음성/예약동작시간/알람,행태정보,1,스마트장비,0,49.5
UHA-1010C,인터폰,경동나비엔,고정형,wifi,조건수집,녹화/녹음/장치제어,출입감지/조명제어/녹화/녹음,행태정보,1,스마트장비,1,52.0
나비엔 청정환기시스템 TAC550,공기청정기,경동나비엔,고정형,wifi,상시수집,공기질감지/모니터링,램프등/모드/미세먼지농도,iX,0,센서/액츄에이터,0,40.16666667
신일 프리미엄 무빙 에어컨,에어컨,신일,고정형,wifi,조건수집,습도감지/온도감지,모드/알람/타이머/습도/동작여부/설정온도,iX,0,센서/액츄에이터,1,42.66666667
샤오미 이라이트,전구,샤오미,고정형,wifi/ bluetooth,X,장치제어/음성제어,조도/색온도/동작여부,iX,0,센서/액츄에이터,0,35.16666667
클레어링S,스피커,클레어,고정형,wifi/ bluetooth,조건수집,공기질감지/모니터링/음성제어,실내공기오염정보,iX,0,스마트장비,0,42.0
IoT 전동커튼 시스템,전동커튼,윈테리어,고정형,wifi,X,장치제어/음성제어,스위치,iX,0,액츄에이터,0,35.16666667
스마트 조명 스위치,스위치,고퀄,고정형,wifi/ zigbee,조건수집,장치제어/음성제어,스위치,iX,0,액츄에이터,0,37.66666667
스마트 도어 센서,도어락,고퀄,고정형,wifi/ zigbee,조건수집,출입감지,문열림감지,iX,0,센서,0,29.33333333
스마트 무드등,전구,고퀄,고정형,wifi,X,장치제어/음성제어,조도/색온도/동작여부,iX,0,액츄에이터,0,35.16666667
스마트 전구,전구,고퀄,고정형,wifi,X,장치제어/음성제어,조도/색온도/동작여부,iX,0,액츄에이터,0,35.16666667
스마트 도어락,도어락,코맥스,고정형,z-wave,X,출입감지/온도감지,문열림감지/온도,iX,0,센서/액츄에이터,0,27.66666667
경비실기,인터폰,코맥스,고정형,wifi,조건수집,녹화,이미지/영상,행태정보,1,스마트장비,1,52.0
현관 카메라,카메라,코맥스,고정형,wifi,조건수집,녹화,이미지/영상,행태정보,1,스마트장비,1,52.0
로비폰,인터폰,코맥스,고정형,wifi,조건수집,녹화,이미지/영상,행태정보,1,스마트장비,1,52.0
IoT 움직임 감지센서,센서,코맥스,고정형,zigbee,상시수집,출입감지,움직임감지/온도/습도,iX,0,센서,0,26.83333333
IoT 가스감지 센서,센서,코맥스,고정형,zigbee,상시수집,공기질감지,가스감지,iX,0,센서,0,26.83333333
IoT 스마트 콘센트,콘센트,코맥스,고정형,zigbee,상시수집,장치제어,전력량/동작여부/스위치,사용패턴,1,스마트장비,0,36.5
IoT 문열림 감지센서,센서,코맥스,고정형,zigbee,상시수집,출입감지,문열림감지,행태정보,1,센서,0,31.83333333
IoT 조명 스위치,센서,코맥스,고정형,zigbee,X,장치제어,스위치,iX,0,스마트장비,0,34.5
IoT 온/습도 센서,센서,코맥스,고정형,zigbee,상시수집,온도감지/습도감지,온도/습도,iX,0,센서,0,26.83333333
IoT 스마트 커튼,전동커튼,코맥스,고정형,zigbee,X,장치제어,스위치,iX,0,액츄에이터,0,30.16666667
IoT 스마트 플러그,플러그,코맥스,고정형,zigbee,상시수집,장치제어,전력량/스위치,사용패턴,1,센서,0,36.83333333
IoT 공기질 센서,센서,코맥스,고정형,zigbee,상시수집,장치제어/공기질감지/모니터링,미세먼지농도/초미세먼지농도/온도/습도/CO2농도,iX,0,센서,0,26.83333333
IoT 가스차단기,가스차단기,코맥스,고정형,zigbee,상시수집,장치제어,온도/밸브잠금/타이머,iX,0,센서/액츄에이터,1,40.16666667
IoT 기축용 전등 스위치,스위치,코맥스,고정형,zigbee,X,장치제어,스위치,iX,0,액츄에이터,0,30.16666667
IoT 스마트 조명,전구,코맥스,고정형,zigbee,X,장치제어,동작여부/색온도/단계,iX,0,액츄에이터,0,21.5
Align T9,인터폰,kokom,고정형,wifi,상시수집,장치제어/모니터링/출입감지/녹화,음성/이미지/전력량/기온/가스누출감지,사용패턴/행태정보,1,스마트장비,1,59.5
Align M9,인터폰,kokom,고정형,wifi,상시수집,장치제어/모니터링/출입감지/녹화,음성/이미지/전력량/기온/가스누출감지,사용패턴/행태정보,1,스마트장비,1,59.5
KHN-S100CL,인터폰,kokom,고정형,wifi,상시수집,장치제어/모니터링/출입감지/녹화,음성/이미지/전력량/기온/가스누출감지,사용패턴/행태정보,1,스마트장비,1,59.5
KHN-R100AT,인터폰,kokom,고정형,wifi,상시수집,장치제어/모니터링/출입감지/녹화,음성/이미지/전력량/기온/가스누출감지,사용패턴/행태정보,1,스마트장비,1,59.5
KHN-R100AW,인터폰,kokom,고정형,wifi,상시수집,장치제어/모니터링/출입감지/녹화,음성/이미지/전력량/기온/가스누출감지,사용패턴/행태정보,1,스마트장비,1,59.5
KCV-S701JA,인터폰,kokom,고정형,wifi,상시수집,장치제어/모니터링/출입감지/녹화,음성/이미지/전력량/기온/가스누출감지,사용패턴/행태정보,1,스마트장비,1,59.5
KHN-893NA,인터폰,kokom,고정형,wifi,상시수집,장치제어/모니터링/출입감지/녹화,음성/이미지/전력량/기온/가스누출감지,사용패턴/행태정보,1,스마트장비,1,59.5
KHN-10SA,인터폰,kokom,고정형,wifi,상시수집,장치제어/모니터링/출입감지/녹화,음성/이미지/전력량/기온/가스누출감지,사용패턴/행태정보,1,스마트장비,1,59.5
KHN-580A,인터폰,kokom,고정형,wifi,상시수집,장치제어/모니터링/출입감지/녹화,음성/이미지/전력량/기온/가스누출감지,사용패턴/행태정보,1,스마트장비,1,59.5
IoT 모니터,인터폰,코맥스,고정형,wifi/ bluetooth/ zigbee,상시수집,장치제어/모니터링/출입감지/녹화,음성/전력/CCTV영상/움직임감지/온도/습도/가스,행태정보,1,스마트장비,1,54.5
IoT 모니터,인터폰,코맥스,고정형,wifi/ z-wave/ zigbee,상시수집,장치제어/모니터링/출입감지/녹화,전력/CCTV영상/움직임감지/온도/습도/가스,사용패턴/행태정보,1,스마트장비,1,59.5
IoT 모니터,인터폰,코맥스,고정형,z-wave,상시수집,장치제어/모니터링/출입감지/녹화,전력/CCTV영상/움직임감지/온도/습도/가스,사용패턴/행태정보,1,스마트장비,1,52.0
IoT 모니터,인터폰,코맥스,고정형,wifi/ z-wave/ zigbee,상시수집,장치제어/모니터링/출입감지/녹화,CCTV영상/움직임감지/온도/습도/가스,사용패턴/행태정보,1,스마트장비,1,59.5
게이트뷰 IoT 모니터,인터폰,코맥스,고정형,wifi/zigbee,상시수집,장치제어/모니터링/출입감지/녹화,CCTV영상/움직임감지/온도/습도/가스,사용패턴/행태정보,1,스마트장비,1,59.5
게이트뷰 IoT 모니터,인터폰,코맥스,고정형,wifi/zigbee,상시수집,장치제어/모니터링/출입감지/녹화,CCTV영상/움직임감지/온도/습도/가스,사용패턴/행태정보,1,스마트장비,1,59.5
게이트뷰 IoT 모니터,인터폰,코맥스,고정형,wifi/zigbee,상시수집,장치제어/모니터링/출입감지/녹화,CCTV영상/움직임감지/온도/습도/가스,사용패턴/행태정보,1,스마트장비,1,59.5
게이트뷰 IoT 모니터,인터폰,코맥스,고정형,wifi/zigbee,상시수집,장치제어/모니터링/출입감지/녹화,CCTV영상/움직임감지/온도/습도/가스,사용패턴/행태정보,1,스마트장비,1,59.5
IoT 스마트 콘센트,콘센트,코맥스,고정형,wifi/zigbee,상시수집,장치제어,전력량/스위치,사용패턴,1,센서,0,41.83333333
IoT IR 센서,에어컨,코맥스,고정형,zigbee,상시수집,장치제어,명령전달,iX,0,센서,0,26.83333333
IoT 움직임 감시센서,센서,코맥스,고정형,zigbee,상시수집,출입감지/장치제어,움직임감지/램프등,행태정보,1,센서,0,31.83333333
IoT 스마트 커튼,전동커튼,코맥스,고정형,zigbee,X,장치제어,스위치,iX,0,액츄에이터,0,30.16666667
첼로 앙상블 마스터,전구/ 스피커,hk네트웍스,고정형,bluetooth,조건수집,장치제어,스위치,iX,0,액츄에이터,0,35.16666667
첼로 앙상블 새틀라이트,전구/ 스피커,hk네트웍스,고정형,bluetooth,조건수집,장치제어,스위치,iX,0,액츄에이터,0,26.5
S플러그,콘센트,hk네트웍스,고정형,wifi,상시수집,모니터링/장치제어,전력량/스위치,사용패턴,0,스마트장비,0,54.5
e플러그,콘센트,hk네트웍스,고정형,wifi,상시수집,모니터링/장치제어,전력량/스위치,사용패턴/사용패턴,1,스마트장비,0,54.5
문열림 감지 센서,센서,hk네트웍스,고정형,zigbee,상시수집,출입감지,움직임감지,행태정보,1,센서,0,31.83333333
동작감지 센서,센서,hk네트웍스,고정형,zigbee,상시수집,모션감지,동작감지,행태정보,1,센서,0,31.83333333
온습도 센서,센서,hk네트웍스,고정형,zigbee,상시수집,온도감지/습도감지,온도/습도,iX,0,센서,0,26.83333333
CO 센서,센서,hk네트웍스,고정형,zigbee,상시수집,공기질감지,가스누출감지,iX,0,센서,0,26.83333333
연기 감지 센서,센서,hk네트웍스,고정형,zigbee,상시수집,공기질감지,가스누출감지,iX,0,센서,0,26.83333333
누수 감지 센서,센서,hk네트웍스,고정형,zigbee,상시수집,누수감지,가스누출감지,iX,0,센서,0,26.83333333
BT-R30B,도어락,Briton,고정형,bluetooth,조건수집,장치제어/모바일키,잠금해제여부,iX,0,스마트장비,0,39.5
GKW-1000AB,도어락,KIWI,고정형,wifi/ bluetooth,조건수집,장치제어/모바일키,잠금해제여부,iX,0,스마트장비,0,42.0
GKP-1000F,도어락,KIWI,고정형,bluetooth,조건수집,장치제어/모바일키,잠금해제여부,iX,0,스마트장비,0,39.5
네스카페 골드 블렌드 바리스타,커피머신,네스카페,고정형,bluetooth,조건수집,장치제어,장치제어,iX,0,스마트장비,0,39.5
스토리링크 IoT 스마트 스위치,스위치,스토리링크,고정형,wifi/ bluetooth,조건수집,장치제어,스위치,iX,0,스마트장비/액츄에이터,0,42.0
스토리링크 IoT 스마트 플러그 S3,콘센트,스토리링크,고정형,wifi/ bluetooth,조건수집,장치제어,전력량/스위치,사용패턴,0,스마트장비,0,52.0
스토리링크 IoT 스마트 플러그 S1,콘센트,스토리링크,고정형,wifi/ bluetooth,조건수집,장치제어,전력량/스위치,사용패턴,0,스마트장비,0,52.0
스토리링크 스마트 가습기,가습기,스토리링크,고정형,bluetooth,조건수집,장치제어,스위치,iX,0,스마트장비,0,39.5
스마트 타임 스위치,스위치,서준전기,고정형,bluetooth,조건수집,장치제어,스위치,iX,0,스마트장비,0,39.5
나이키 어댑트 허라취,신발,나이키,이동형,bluetooth,조건수집,장치제어,스위치,iX,0,스마트장비,0,52.0
나이키 어댑트 오토 맥스,신발,나이키,이동형,bluetooth,조건수집,장치제어,스위치,iX,0,스마트장비,0,52.0
나이키 어댑트 BB 2.0 KR,신발,나이키,이동형,bluetooth,조건수집,장치제어,스위치,iX,0,스마트장비,0,52.0
스마트홈 IOT 버튼 스위치 1구,스위치,위너스,고정형,wifi,조건수집,장치제어,전력량/스위치,사용패턴,0,스마트장비,0,52.0
스마트홈 IOT 버튼 스위치 2구,스위치,위너스,고정형,wifi,조건수집,장치제어,전력량/스위치,사용패턴,0,스마트장비,0,52.0
스마트홈 IOT 버튼 스위치 3구,스위치,위너스,고정형,wifi,조건수집,장치제어,전력량/스위치,사용패턴,0,스마트장비,0,52.0
스마트홈 IOT 터치 스위치 1구,스위치,위너스,고정형,wifi,조건수집,장치제어,전력량/스위치,사용패턴,0,스마트장비,0,52.0
스마트홈 IOT 터치 스위치 2구,스위치,위너스,고정형,wifi,조건수집,장치제어,전력량/스위치,사용패턴,0,스마트장비,0,52.0
스마트홈 IOT 터치 스위치 3구,스위치,위너스,고정형,wifi,조건수집,장치제어,전력량/스위치,사용패턴,0,스마트장비,0,52.0
리모콘 스위치 1구 (버튼),스위치,위너스,고정형,wifi,조건수집,장치제어,전력량/스위치,사용패턴,0,스마트장비,0,52.0
리모콘 스위치 2구 (버튼),스위치,위너스,고정형,wifi,조건수집,장치제어,전력량/스위치,사용패턴,0,스마트장비,0,52.0
리모콘 스위치 3구 (버튼),스위치,위너스,고정형,wifi,조건수집,장치제어,전력량/스위치,사용패턴,0,스마트장비,0,52.0
리모콘 스위치 1구 (터치),스위치,위너스,고정형,wifi,조건수집,장치제어,전력량/스위치,사용패턴,0,스마트장비,0,52.0
리모콘 스위치 2구 (터치),스위치,위너스,고정형,wifi,조건수집,장치제어,전력량/스위치,사용패턴,0,스마트장비,0,52.0
리모콘 스위치 3구 (터치),스위치,위너스,고정형,wifi,조건수집,장치제어,전력량/스위치,사용패턴,0,스마트장비,0,52.0
바톤 SOS,자동차용품,로프,고정형,bluetooth,상시수집,충격감지/장치제어/위치감지,위치정보,행태정보,1,스마트장비,0,47.0
스위치봇,스위치,WonderLabs,고정형,bluetooth,상시수집,장치제어,스위치,iX,0,스마트장비,0,42.0
다이슨 퓨어쿨 공기청정기,공기청정기,다이슨,고정형,bluetooth,조건수집,공기질감지/모니터링/장치제어,미세먼지및초미세먼지농도/온도/습도,사용패턴,0,스마트장비,1,54.5
다이슨 퓨어쿨 링크,공기청정기,다이슨,고정형,bluetooth,조건수집,공기질감지/모니터링/장치제어,미세먼지및초미세먼지농도/온도/습도,사용패턴,0,스마트장비,0,49.5
다이슨 퓨어쿨 선풍기 겸 공기청정기,공기청정기/선풍기,다이슨,고정형,bluetooth,조건수집,공기질감지/모니터링/장치제어,미세먼지및초미세먼지농도/온도/습도,사용패턴,0,스마트장비,1,54.5
다이슨 핫앤쿨 크립토믹,공기청정기/선풍기/온풍기,다이슨,고정형,bluetooth,조건수집,공기질감지/모니터링/장치제어,미세먼지및초미세먼지농도/온도/습도,사용패턴,0,스마트장비,1,54.5
다이슨 핫앤쿨 공기청정기,공기청정기/선풍기/온풍기,다이슨,고정형,bluetooth,조건수집,공기질감지/모니터링/장치제어,미세먼지및초미세먼지농도/온도/습도,사용패턴,0,스마트장비,1,54.5
다이슨 퓨어휴미디파이 쿨 크립토믹 가습 공기청정기,가습기/공기청정기,다이슨,고정형,bluetooth,조건수집,공기질감지/모니터링/장치제어,미세먼지및초미세먼지농도/온도/습도,사용패턴,0,스마트장비,1,54.5
업소용 초음파 세척기,식기세척기,클린아이디어,고정형,bluetooth,조건수집,장치제어/모니터링,기울기,iX,0,스마트장비,0,39.5
아이나비 NB-IoT,자동차용품,아이나비,고정형,lte,상시수집,충격감지/장치제어/위치감지,위치정보/연비,행태정보,1,스마트장비,0,49.5
Hue 모션센서,센서,필립스,고정형,zigbee,상시수집,출입감지/장치제어,움직임감지,행태정보,1,센서,0,31.83333333
Hue 3.0 벌브,전구,필립스,고정형,wifi,X,장치제어,조도/색온도/동작여부,iX,0,액츄에이터,0,26.5
Hue go ver.2,전구,필립스,이동형,bluetooth,X,장치제어/음성제어,조도/색온도/동작여부,iX,0,액츄에이터,0,11.5
나노리프 라이트패널 캔버스,전구,나노리프,고정형,wifi,X,장치제어/음성제어,조도/색온도/동작여부,iX,0,액츄에이터,0,26.5
cololight,전구,lifesmart,고정형,wifi,X,장치제어,조도/색온도,iX,0,액츄에이터,0,26.5
hue 위딘 플로어 led,전구,필립스,고정형,wifi/zigbee,X,장치제어/음성제어,조도/색온도/동작여부,iX,0,액츄에이터,0,26.5
솜피 iot 전동 커튼,전동커튼,솜피,고정형,wifi,X,장치제어,움직임감지,iX,0,액츄에이터,0,35.16666667
샤오미 이라이트 캔들라이트,전구,샤오미,이동형,bluetooth,X,장치제어,조도,iX,0,액츄에이터,0,11.5
서모서니스 실내용 태양온도 무선센서,센서,솜피,고정형,z-wave,상시수집,온도감지,온도/조도,iX,0,센서,0,24.33333333
jonas 스마트 우산,우산,JONAS,이동형,bluetooth,상시수집,장치제어,위치정보,행태정보,1,스마트장비,0,34.5
라이프로 로봇청소기 RX9,로봇청소기,단후이,이동형,wifi,조건수집,음성제어,위치정보/영상/움직임감지,iX,1,스마트장비,0,54.5
필립스 스마트 무드등,무드등,필립스,이동형,wifi/bluetooth,X,장치제어/음성제어,조도/색온도/동작여부,iX,0,액츄에이터,0,14.0
IoT 스마트 버튼 누름,버튼,nurum,이동형,bluetooth,X,장치제어,X,iX,0,스마트장비,0,24.5
IoT 슈퍼쿡 3구 가스레인지,가스레인지,SK,고정형,wifi,조건수집,장치제어/장치제어,온도,행태정보,0,스마트장비,0,47.0
에어레스트 초음파 가습기 Airest,가습기,미로,고정형,bluetooth,조건수집,장치제어,습도,iX,1,스마트장비,0,39.5
미로 초음파 가습기,가습기,미로,고정형,bluetooth,조건수집,장치제어,습도,iX,1,스마트장비,0,39.5
미로 맑음 공기청정기,공기청정기,미로,고정형,wifi,상시수집,공기질감지/모니터링/음성제어,실내공기오염정보/온도/습도/조도/유해가스,iX,1,스마트장비,1,49.5
미나엘,무드등,엘센,이동형,bluetooth,상시수집,장치제어/온도감지/습도감지,온도/습도,iX,1,액츄에이터,0,16.5
이고진 소원푸리 센서,센서,이고진,고정형,bluetooth,조건수집,장치제어,운동량,iX,1,센서,0,26.83333333
스마트레버락?방문손잡이,도어락,게이트맨,고정형,wifi/bluetooth,상시수집,장치제어/출입감지,문열림감지,사용패턴/행태정보,1,스마트장비,0,54.5
루셀픽2000,금고,선일금고,고정형,wifi,상시수집,장치제어/충격경보,지문,iX,1,스마트장비,1,49.5
나오미020,금고,선일금고,고정형,wifi,조건수집,장치제어,지문,iX,1,스마트장비,1,47.0
가스모 가스차단기,가스차단기,가스모,고정형,wifi,상시수집,장치제어/온도감지/공기질감지,온도/가스,iX,1,스마트장비,1,49.5
전기오븐레인지 EONB440S,오븐,바이트리,고정형,wifi,조건수집,장치제어,X,iX,0,스마트장비,1,47.0
솔티드 스마트 인솔,깔창,솔티드,고정형,bluetooth,조건수집,장치제어,감압,iX,0,스마트장비,0,39.5
네콘 360CAM,카메라,네콘,고정형,wifi,상시수집,장치제어,CCTV영상,사용패턴/행태정보,1,스마트장비,0,54.5
네콘 모션 센서,센서,네콘,고정형,zigbee,상시수집,장치제어,움직임감지,사용패턴/행태정보,1,센서,0,36.83333333
네콘 도어 센서,센서,네콘,고정형,zigbee,상시수집,장치제어,출입감지,사용패턴/행태정보,1,센서,0,36.83333333
네콘 온습도 센서,센서,네콘,고정형,zigbee,상시수집,장치제어,온도/습도,사용패턴/행태정보,1,센서,0,36.83333333
슬립닥,밴드,JMsmart,이동형,bluetooth,상시수집,생체정보감지/장치제어/장치제어/장치제어,색온도/활동량/조도량,iX,0,스마트장비,0,29.5
UHA-744CHK,인터폰,경동나비엔,고정형,wifi,조건수집,녹화/녹음/장치제어/모니터링,출입감지/조명제어/음성/이미지,행태정보,1,스마트장비,1,52.0
UHA-1020V,인터폰,경동나비엔,고정형,wifi,조건수집,녹화/녹음/장치제어/모니터링,출입감지/조명제어/음성/이미지,행태정보,1,스마트장비,1,52.0
UHA-750C,인터폰,경동나비엔,고정형,wifi,조건수집,녹화/녹음/장치제어/모니터링,출입감지/조명제어/음성/이미지,행태정보,1,스마트장비,1,52.0
DJK-T210,TV,경동나비엔,고정형,wifi,조건수집,장치제어/모니터링,음성/이미지,행태정보,1,스마트장비,1,52.0
STV-T1050,TV,경동나비엔,고정형,wifi,조건수집,장치제어/모니터링,음성/이미지,행태정보,1,스마트장비,1,52.0
DM-5070GW,TV,경동나비엔,고정형,wifi,조건수집,장치제어/모니터링,음성/이미지,행태정보,1,스마트장비,1,52.0
DM-5102GW,TV,경동나비엔,고정형,wifi,조건수집,장치제어/모니터링,음성/이미지,행태정보,1,스마트장비,1,52.0
DM-701B,인터폰,경동나비엔,고정형,wifi,조건수집,장치제어/모니터링,음성,iX,0,액츄에이터,0,37.66666667
DM-709B,인터폰,경동나비엔,고정형,wifi,조건수집,장치제어/모니터링,음성,iX,0,액츄에이터,0,37.66666667
HD-P112,센서,경동나비엔,고정형,wifi,상시수집,출입감지,움직임감지,행태정보,0,센서,0,36.83333333
DJK-T207,TV,경동나비엔,고정형,wifi,조건수집,장치제어/모니터링,음성/이미지,행태정보,1,스마트장비,1,52.0
UHA-751,인터폰,경동나비엔,고정형,lte,조건수집,장치제어/모니터링,음성/이미지,행태정보,1,스마트장비,1,52.0
ULP-420,인터폰,경동나비엔,고정형,nan,조건수집,장치제어/모니터링,음성/이미지,행태정보,1,스마트장비,1,42.0
SHP-HB801,인터폰,삼성,고정형,wifi/ zigbee,조건수집,장치제어/녹화/장치제어,음성/이미지,행태정보,1,스마트장비,1,52.0
SHP-TB100G,버튼,삼성,고정형,zigbee,조건수집,장치제어,X,iX,0,액츄에이터,0,32.66666667
SHP-SB100G,센서,삼성,고정형,zigbee,상시수집,출입감지,문열림감지,행태정보,0,센서,0,31.83333333
SHP-SG100G,센서,삼성,고정형,zigbee,상시수집,기울임감지,기울임감지,행태정보,0,센서,0,31.83333333
SHP-SR100G,센서,삼성,고정형,zigbee,상시수집,모션감지,모션감지,행태정보,0,센서,0,31.83333333
SHP-DP960,도어락,삼성,고정형,wifi,조건수집,생체정보감지/장치제어,생체정보/출입감지,행태정보,1,스마트장비,1,62.0
SHP-DR900,도어락,삼성,고정형,wifi,조건수집,생체정보감지/장치제어,생체정보/출입감지,행태정보,1,스마트장비,1,62.0
SHP-DR700,도어락,삼성,고정형,wifi,조건수집,장치제어,출입감지,행태정보,1,스마트장비,1,52.0
SHP-DP950,도어락,삼성,고정형,bluetooth,조건수집,생체정보감지/장치제어,생체정보/출입감지,행태정보,1,스마트장비,1,59.5
SHP-DP830,도어락,삼성,고정형,bluetooth,조건수집,장치제어,출입감지,행태정보,1,스마트장비,1,49.5
SHP-DP730,도어락,삼성,고정형,bluetooth,조건수집,장치제어,출입감지,행태정보,1,스마트장비,1,49.5
DV16T8520BP,건조기,삼성,고정형,wifi,X,장치제어,X,iX,0,액츄에이터,1,40.16666667
체커,센서,아이오,고정형,wifi,상시수집,출입감지,문열림감지,행태정보,0,센서,0,36.83333333
플리워,자동관수장치,플리워,고정형,wifi,상시수집,자동관수/장치제어/모니터링,온도/습도/토양수분/토양전도도/태양광,iX,0,스마트장비,0,44.5
온습도 모니터링 시스템 H10,센서,vitcon,고정형,wifi,상시수집,모니터링,온도/습도,iX,0,센서,1,36.83333333
위닉스 마스터 S,공기청정기,위닉스,고정형,wifi,상시수집,장치제어/모니터링,공기질,iX,0,스마트장비,0,44.5
LG 휘센 벽걸이 에어컨,에어컨,LG,고정형,wifi,X,장치제어,X,iX,0,액츄에이터,0,35.16666667
LG 휘센 스탠드 에어컨,에어컨,LG,고정형,wifi,X,장치제어,X,iX,0,액츄에이터,1,40.16666667
LG 휘센 원형 시스템에어컨,에어컨,LG,고정형,wifi,X,장치제어,X,iX,0,액츄에이터,0,35.16666667
LG트롬 건조기,건조기,LG,고정형,wifi,X,장치제어,X,iX,0,액츄에이터,1,40.16666667
고고런5,실내사이클,고고런,고정형,bluetooth,조건수집,심박수측정/생체정보감지,심박수/체지방,생체정보,0,액츄에이터,1,55.16666667
LG 디오스 인덕션,인덕션,LG,고정형,wifi,X,장치제어/모니터링,X,iX,0,액츄에이터,1,40.16666667
LG퓨리케어 정수기,정수기,LG,고정형,wifi,X,장치제어/모니터링,X,iX,0,액츄에이터,1,40.16666667
LG 디오스 매직스페이스 냉장고,냉장고,삼성,고정형,wifi,X,장치제어/모니터링,X,iX,0,액츄에이터,1,40.16666667
위니아 웨이브 에어컨,에어컨,위니아,고정형,wifi,X,장치제어/모니터링,X,iX,0,액츄에이터,0,35.16666667
LG 트롬 스타일러,스타일러,LG,고정형,wifi,X,장치제어/모니터링,X,iX,0,액츄에이터,1,40.16666667
온도 모니터링 시스템 T10,센서,vitcon,고정형,wifi,상시수집,모니터링,온도/습도,iX,0,센서,1,36.83333333
위닉스 TOWER XQ,공기청정기,위닉스,고정형,wifi,상시수집,장치제어/모니터링,공기질,iX,0,액츄에이터,0,40.16666667
AX80R7580WDD ,공기청정기,삼성,고정형,wifi,상시수집,장치제어/모니터링,공기질,iX,0,액츄에이터,0,40.16666667
LG 퓨리케어 몽블랑 공기청정기,공기청정기,LG,고정형,wifi,상시수집,장치제어/모니터링,공기질,iX,0,액츄에이터,1,45.16666667
LG 퓨리케어 공기청정기 펫,공기청정기,LG,고정형,wifi,상시수집,장치제어/모니터링,공기질,iX,0,액츄에이터,1,45.16666667
VHOOP100,훌라후프,버핏,이동형,wifi,상시수집,모니터링,운동량,iX,1,액츄에이터,0,27.66666667
휘파람4,공기청정기,청호나이스,고정형,wifi,상시수집,장치제어/모니터링,공기질,iX,1,액츄에이터,1,45.16666667
EONB440SA,오븐,SK,고정형,wifi,X,장치제어/모니터링/레시피제공,X,iX,0,액츄에이터,1,40.16666667
이과수 직수 냉온정수기,정수기,청호나이스,고정형,wifi,상시수집,전력량감지/모니터링/장치제어,전력량/취수량,사용패턴,0,액츄에이터,1,55.16666667
로봇청소기 디봇,로봇청소기,에코백스,이동형,wifi,조건수집,장치제어,이미지/위치,행태정보,1,스마트장비,1,64.5
스마트쉐이커,웨이크업,iluv,이동형,bluetooth,X,장치제어,X,iX,0,액츄에이터,0,20.16666667
IoT 스마트 무선 모션감지센서 인체감지기 인체인식 모션인식기,센서,투야,고정형,wifi,상시수집,모션감지,움직임감지,행태정보,1,센서,0,36.83333333
IoT 가정용 홈카메라 베이비캠 펫캠 홈CCTV 회전 투야 tuya,카메라,투야,고정형,wifi,상시수집,장치제어/모니터링/녹화,CCTV영상/움직임감지,행태정보,1,스마트장비,0,49.5
스마트 홈 2.4G 무선 와이파이 일산화탄소 감지기,센서,투야,고정형,wifi,상시수집,공기질감지,일산화탄소농도,iX,0,센서,0,31.83333333
알렉사 호환 와이파이 소켓 브라질 표준 16A 스마트 콘센트,콘센트,투야,고정형,wifi,상시수집,장치제어/음성제어,음성/전력량,사용패턴/사용패턴,1,스마트장비,0,54.5
낙서 와이파이 카메라 투야 무선 네트워크 원격 카메라,카메라,투야,고정형,wifi,상시수집,장치제어/모니터링/녹화,CCTV영상/움직임감지,행태정보,1,스마트장비,0,49.5
스마트 무선 도어센서&경보기 문열림 감지 보안 방범용 IoT,센서,투야,고정형,wifi,상시수집,출입감지/장치제어,움직임감지,iX,0,센서,0,31.83333333
스마트 무선 리모컨 라이트 벽 스위치 EU 버튼 버전 벽 스위치,스위치,투야,고정형,wifi,상시수집,장치제어,스위치,iX,0,스마트장비,0,44.5
IoT 무드등 가습기 사무실 침실 소형 미니가습기,가습기,투야,고정형,wifi,상시수집,장치제어,명령전달,iX,0,스마트장비,0,44.5
IoT 스마트 자동 사료 급식기,급식기,투야,고정형,wifi,상시수집,모니터링/장치제어/녹화/촬영,CCTV영상/음성/이미지,행태정보,1,스마트장비,0,49.5
스마트 멀티탭 4구 USB 3구 겸용 스마트폰 컨트롤 IoT,멀티탭,투야,고정형,wifi,상시수집,장치제어,명령전달,iX,0,스마트장비,0,44.5
IoT 스마트 화재예방센서 경보기 연기감지센서 화재 연기 감지,센서,투야,고정형,wifi,상시수집,공기질감지/온도감지,연기/온도,iX,0,센서,0,31.83333333
팔렛 스마트 LED 전구,조명,한샘,고정형,bluetooth,X,장치제어,명령전달,iX,0,액츄에이터,0,24.0
뉴 브릭스 스마트 LED 방등,조명,한샘,고정형,bluetooth,X,장치제어,명령전달,iX,0,액츄에이터,0,24.0
아이디S 스마트 조명,조명,한샘,고정형,bluetooth,X,장치제어,명령전달,iX,0,액츄에이터,0,24.0
팔렛 스마트 LED 무드등 2.0,조명,한샘,고정형,bluetooth,X,장치제어,명령전달,iX,0,액츄에이터,0,24.0
KDsafe 300만화소 FHD IP카메라 IP68 완전방수 무선CCTV K300,카메라,KDsafe,고정형,wifi,상시수집,장치제어/모니터링/녹화,CCTV영상,행태정보,1,스마트장비,0,49.5
미지아 IMI 홈 시큐리티 카메라 1080P Global 버전,카메라,IMI,고정형,wifi,상시수집,장치제어/모니터링/모션감지/녹화,CCTV영상/움직임감지,행태정보,1,스마트장비,0,49.5
Kospet Probe 1.3인치 블루투스 스마트워치,워치,Kospet,이동형,bluetooth,상시수집,생체정보감지/위치감지,심박수/혈압/혈중산소농도/걸음수/수면시간/위치정보,행태정보,1,스마트장비,1,39.5
ICSEE PTZ 실외용 IP카메라 무선CCTV 200만화소 풀HD,카메라,ICSEE,고정형,wifi,상시수집,장치제어/모니터링/녹화,CCTV영상/음성,행태정보,1,스마트장비,1,54.5
HAS-R2071M,인터폰,현대통신,고정형,wifi/z-wave,상시수집,장치제어/모니터링/출입감지/녹화,음성/이미지,행태정보,1,스마트장비,1,54.5
HNF-I2100,인터폰,현대통신,고정형,wifi/z-wave,상시수집,장치제어/모니터링/출입감지/녹화,음성/이미지,행태정보,1,스마트장비,1,54.5
HNF-I4100,인터폰,현대통신,고정형,wifi/z-wave,상시수집,장치제어/모니터링/출입감지/녹화,음성/이미지,행태정보,1,스마트장비,1,54.5
HNF-I1101,인터폰,현대통신,고정형,wifi/z-wave,상시수집,장치제어/모니터링/출입감지/녹화,음성/이미지,행태정보,1,스마트장비,1,54.5
HDL-7390,도어락,현대통신,고정형,bluetooth/ zigbee,상시수집,출입감지/온도감지,문열림감지/온도,iX,0,스마트장비,0,42.0
HAS-R2041S,인터폰,현대통신,고정형,wifi/z-wave,상시수집,장치제어/모니터링/출입감지/녹화,음성/이미지,행태정보,1,스마트장비,1,54.5
HNF-I5100,인터폰,현대통신,고정형,wifi/z-wave,상시수집,장치제어/모니터링/출입감지/녹화,음성/이미지,행태정보,1,스마트장비,1,54.5
HNT-4100,인터폰,현대통신,고정형,wifi/z-wave,상시수집,장치제어/모니터링/출입감지/녹화,음성/이미지,행태정보,1,스마트장비,1,54.5
HNT-3079,인터폰,현대통신,고정형,wifi/z-wave,상시수집,장치제어/모니터링/출입감지/녹화,음성/이미지,행태정보,1,스마트장비,1,54.5
HNT-179,인터폰,현대통신,고정형,wifi/z-wave,상시수집,장치제어/모니터링/출입감지/녹화,음성/이미지,행태정보,1,스마트장비,1,54.5
HNT-175,인터폰,현대통신,고정형,wifi/z-wave,상시수집,장치제어/모니터링/출입감지/녹화,음성/이미지,행태정보,1,스마트장비,1,54.5
HAS-R1041S/B,인터폰,현대통신,고정형,wifi/z-wave,상시수집,장치제어/모니터링/출입감지/녹화,음성/이미지,행태정보,1,스마트장비,1,54.5
HAF-R1071,인터폰,현대통신,고정형,wifi/z-wave,상시수집,장치제어/모니터링/출입감지/녹화,음성/이미지,행태정보,1,스마트장비,1,54.5
HAC-D70A/D70F,인터폰,현대통신,고정형,wifi/z-wave,상시수집,장치제어/모니터링/출입감지/녹화,음성/이미지,행태정보,1,스마트장비,1,54.5
HNT-3104,인터폰,현대통신,고정형,wifi/z-wave,상시수집,장치제어/모니터링/출입감지/녹화,음성/이미지,행태정보,1,스마트장비,1,54.5
HNT-2109,인터폰,현대통신,고정형,wifi/z-wave,상시수집,장치제어/모니터링/출입감지/녹화,음성/이미지,행태정보,1,스마트장비,1,54.5
자석 감지기,센서,현대통신,고정형,z-wave,상시수집,출입감지,문열림감지,iX,0,센서,0,24.33333333
동체 감지기,센서,현대통신,고정형,z-wave,상시수집,모션감지,움직임감지,행태정보,1,센서,0,29.33333333
스마트 플러그,플러그,현대통신,고정형,z-wave,상시수집,장치제어,전력량,사용패턴,1,스마트장비,0,47.0
조명 스위치,스위치,현대통신,고정형,z-wave,상시수집,장치제어,명령전달,iX,0,스마트장비,0,37.0
실내공기질 감시센서,센서,현대통신,고정형,wifi,상시수집,온도감지/습도감지/공기질감지/초공기질감지/공기질감지,온도/습도/미세먼지농도/초미세먼지농도/이산화탄소농도,iX,0,센서,1,36.83333333
가스 감지 센서,센서,텔레필드,고정형,zigbee,상시수집,공기질감지/공기질감지,LNG농도/일산화탄소농도,iX,0,센서,0,26.83333333
연기 감지 센서,센서,텔레필드,고정형,zigbee,상시수집,공기질감지,연기농도,iX,0,센서,0,26.83333333
동작 감지 센서,센서,텔레필드,고정형,zigbee,상시수집,모션감지,움직임감지,행태정보,1,센서,0,31.83333333
구조 신호기,신호기,텔레필드,고정형,zigbee,상시수집,장치제어,명령전달,iX,0,스마트장비,0,39.5
Hyper Cube S,금고,신성금고,고정형,bluetooth/ z-wave,상시수집,장치제어/출입감지,문열림감지/명령전달,iX,0,스마트장비,0,42.0
Hyper Cube L,금고,신성금고,고정형,bluetooth/ z-wave,상시수집,장치제어/출입감지,문열림감지/명령전달,iX,0,센서,0,29.33333333
ALTA Commercial Coin Cell Wireless Temperature Sensor,센서,모넷코리아,고정형,zigbee,상시수집,온도감지,온도,iX,0,센서,0,26.83333333
ALTA Commercial AA Wireless Temperature Sensor,센서,모넷코리아,고정형,zigbee,상시수집,온도감지,온도,iX,0,센서,0,26.83333333
ALTA Industrial Wireless Temperature Sensor,센서,모넷코리아,고정형,zigbee,상시수집,온도감지,온도,iX,0,센서,0,26.83333333
ALTA Commercial Wireless Air Velocity Sensor,센서,모넷코리아,고정형,zigbee,상시수집,풍속감지/유량감지,풍속/유량,iX,0,센서,0,26.83333333
ALTA Industrial Wireless Air Velocity Sensor,센서,모넷코리아,고정형,zigbee,상시수집,풍속감지/유량감지,풍속/유량,iX,0,센서,0,26.83333333
ALTA PM 2.5 Air Quality Sensor,센서,모넷코리아,고정형,zigbee,상시수집,공기질감지,PM함량,iX,0,센서,0,26.83333333
ALTA Differential Pressure Sensor,센서,모넷코리아,고정형,zigbee,상시수집,압력감지,압력,iX,0,센서,0,26.83333333
ALTA Industrial Wireless Differential Pressure Sensor,센서,모넷코리아,고정형,zigbee,상시수집,압력감지,압력,iX,0,센서,0,26.83333333
ALTA Commercial AA Wireless Hydrogen Sulfide Sensor,센서,모넷코리아,고정형,zigbee,상시수집,황화수소감지,황화수소농도,iX,0,센서,0,26.83333333
ALTA Commercial AA Wireless Carbon Monoxide Sensor,센서,모넷코리아,고정형,zigbee,상시수집,공기질감지,일산화탄소농도,iX,0,센서,0,26.83333333
ALTA Commercial AA Wireless Carbon Dioxide Sensor,센서,모넷코리아,고정형,zigbee,상시수집,공기질감지,일산화탄소농도,iX,0,센서,0,26.83333333
ALTA Commercial AA Wireless Accelerometer,센서,모넷코리아,고정형,zigbee,상시수집,진동감지,진동,iX,0,센서,0,26.83333333
ALTA Industrial Wireless Accelerometer,센서,모넷코리아,고정형,zigbee,상시수집,진동감지,진동,iX,0,센서,0,26.83333333
ALTA Commercial Coin Cell Wireless Accelerometer - G-Force Snapshot,센서,모넷코리아,고정형,zigbee,상시수집,모션감지,기울기/가속도,iX,0,센서,0,26.83333333
ALTA Commercial AA Wireless Accelerometer - G-Force Snapshot,센서,모넷코리아,고정형,zigbee,상시수집,모션감지,기울기/가속도,iX,0,센서,0,26.83333333
ALTA Industrial Wireless Accelerometer - G-Force Snapshot,센서,모넷코리아,고정형,zigbee,상시수집,모션감지,기울기/가속도,iX,0,센서,0,26.83333333
ALTA Commercial Coin Cell Wireless Accelerometer - Impact Detect,센서,모넷코리아,고정형,zigbee,상시수집,충격감지,충격,iX,0,센서,0,26.83333333
ALTA Commercial AA Wireless Accelerometer - Impact Detect,센서,모넷코리아,고정형,zigbee,상시수집,충격감지,충격,iX,0,센서,0,26.83333333
ALTA Industrial Wireless Accelerometer - Impact Detect,센서,모넷코리아,고정형,zigbee,상시수집,충격감지,충격,iX,0,센서,0,26.83333333
ALTA Commercial AA Wireless Light Meter,센서,모넷코리아,고정형,zigbee,상시수집,빛감지,조도,iX,0,센서,0,26.83333333
ALTA Industrial AA Wireless Light Meter,센서,모넷코리아,고정형,zigbee,상시수집,빛감지,조도,iX,0,센서,0,26.83333333
ALTA Commercial Coin Cell Wireless Open/Closed Sensor,센서,모넷코리아,고정형,zigbee,상시수집,출입감지,문열림감지,iX,0,센서,0,26.83333333
ALTA Commercial AA Wireless Open/Closed Sensor,센서,모넷코리아,고정형,zigbee,상시수집,출입감지,문열림감지,iX,0,센서,0,26.83333333
ALTA Industrial Wireless Open/Closed Sensor,센서,모넷코리아,고정형,zigbee,상시수집,출입감지,문열림감지,iX,0,센서,0,26.83333333
ALTA Commercial Ultrasonic Sensor,센서,모넷코리아,고정형,zigbee,상시수집,액체수준감지/거리감지,액체수준감지/거리감지,iX,0,센서,0,26.83333333
ALTA Commercial Coin Cell Wireless 0-20 mA Current Meter,센서,모넷코리아,고정형,zigbee,상시수집,전력량측정,전력량,iX,0,센서,0,26.83333333
ALTA Commercial AA Wireless 0-20 mA Current Meter,센서,모넷코리아,고정형,zigbee,상시수집,전력량측정,전력량,iX,0,센서,0,26.83333333
ALTA Industrial Wireless 0-20 mA Current Meter,센서,모넷코리아,고정형,zigbee,상시수집,전력량측정,전력량,iX,0,센서,0,26.83333333
ALTA Commercial Coin Cell Wireless AC Voltage Detection Sensor,센서,모넷코리아,고정형,zigbee,상시수집,전력량감지,전압,iX,0,센서,0,26.83333333
ALTA Commercial AA Wireless AC Voltage Detection Sensor,센서,모넷코리아,고정형,zigbee,상시수집,전력량감지,전압,iX,0,센서,0,26.83333333
ALTA Industrial Wireless AC Voltage Detection Sensor,센서,모넷코리아,고정형,zigbee,상시수집,전력량감지,전압,iX,0,센서,0,26.83333333
ALTA Commercial AA Wireless Humidity Sensor,센서,모넷코리아,고정형,zigbee,상시수집,습도감지,습도,iX,0,센서,0,26.83333333
ALTA Commercial Coin Cell Wireless Water Detection Sensor,센서,모넷코리아,고정형,zigbee,상시수집,수분감지,수분,iX,0,센서,0,26.83333333
ALTA Commercial AA Wireless Water Detection Sensor,센서,모넷코리아,고정형,zigbee,상시수집,수분감지,수분,iX,0,센서,0,26.83333333
ALTA Industrial Wireless Water Detection Sensor,센서,모넷코리아,고정형,zigbee,상시수집,수분감지,수분,iX,0,센서,0,26.83333333
Switch bot,스위치,스위치봇,고정형,bluetooth,X,장치제어,X,iX,0,액츄에이터,0,32.66666667
시하스 에어컨 제어기,스위치,시하스,고정형,wifi,X,장치제어,X,iX,0,액츄에이터,0,35.16666667
시하스 스마트가스차단기,스위치,시하스,고정형,wifi,X,장치제어/온도감지/공기질감지,온도/가스,iX,0,액츄에이터,0,35.16666667
시하스 스마트스위치,스위치,시하스,고정형,wifi,X,장치제어,스위치,iX,0,액츄에이터,0,35.16666667
시하스 스마트버튼,스위치,시하스,고정형,wifi,X,장치제어,스위치,iX,0,액츄에이터,0,35.16666667
시하스 도어센서,센서,시하스,고정형,wifi,X,출입감지,문열림감지,iX,0,센서,0,26.83333333
시하스 실내온도측정기,센서,시하스,고정형,wifi,상시수집,온도감지/습도감지/공기질감지/초공기질감지/공기질감지,온도/습도/미세먼지농도/초미세먼지농도/이산화탄소농도,iX,0,센서,1,36.83333333
시하스 지역난방 온도조절기,센서,시하스,고정형,wifi,상시수집,장치제어/음성제어,현재온도/설정온도/모드/동작예약시간/전원,iX,0,스마트장비,1,49.5
시하스 도어락시스템,도어락,시하스,고정형,wifi,조건수집,장치제어/원격제어,출입감지,행태정보,1,스마트장비,1,52.0
구글홈 스마트 콘센트,콘센트,구글홈,고정형,wifi,X,장치제어,전력량,사용패턴,1,스마트장비,0,49.5
Itead sonoff 온도 습도 모니터링,센서,sonoff,고정형,wifi,상시수집,온도감지/습도감지,온도/습도,iX,0,센서,0,31.83333333
